Time [s],Power [W]
1.2008380889892578,82.0
1.2286839485168457,82.0
1.265186071395874,82.0
1.2964489459991455,82.0
1.3296821117401123,82.0
1.3604450225830078,82.0
1.3947479724884033,82.0
1.426887035369873,82.0
1.4598281383514404,82.0
1.4958701133728027,82.0
1.5292599201202393,82.0
1.59981107711792,82.0
1.6074140071868896,82.0
1.62888503074646,82.0
1.6586940288543701,82.0
1.6959359645843506,82.0
1.7284669876098633,82.0
1.7595410346984863,82.0
1.7945799827575684,82.0
1.827652931213379,82.0
1.8596389293670654,82.0
1.8965339660644531,82.0
1.9274449348449707,82.0
1.9599320888519287,82.0
1.9954619407653809,82.0
2.0290579795837402,82.0
2.060002088546753,82.0
2.094633102416992,82.0
2.127929925918579,82.0
2.1613709926605225,82.0
2.1969449520111084,82.0
2.2280049324035645,82.0
2.2586560249328613,82.0
2.296060085296631,82.0
2.3270859718322754,82.0
2.358647108078003,82.0
2.3946480751037598,82.0
2.4275259971618652,82.0
2.458991050720215,82.0
2.495408058166504,82.0
2.526339054107666,82.0
2.560192108154297,82.0
2.5945451259613037,82.0
2.627458095550537,82.0
2.6587319374084473,82.0
2.6908271312713623,82.0
2.7265169620513916,82.0
2.759765148162842,82.0
2.7912371158599854,82.0
2.8275671005249023,82.0
2.85910701751709,82.0
2.8955891132354736,82.0
2.9263710975646973,82.0
2.958807945251465,82.0
2.9908270835876465,82.0
3.0264689922332764,82.0
3.0594711303710938,82.0
3.091031074523926,82.0
3.1271259784698486,82.0
3.1591780185699463,82.0
3.1905391216278076,82.0
3.2282729148864746,82.0
3.2599480152130127,82.0
3.2923290729522705,82.0
3.3286170959472656,82.0
3.3599071502685547,82.0
3.390871047973633,82.0
3.4275970458984375,82.0
3.4596221446990967,82.0
3.4910521507263184,82.0
3.526780128479004,82.0
3.6284549236297607,818.7
3.6586620807647705,81.7
3.690855026245117,81.7
3.7267110347747803,81.7
3.7608940601348877,81.7
3.792809009552002,81.7
3.8276960849761963,81.7
3.8587520122528076,81.7
3.890542984008789,81.7
3.9229979515075684,81.7
3.959857940673828,81.7
3.991158962249756,81.7
4.022525072097778,81.7
4.058589935302734,81.7
4.091422080993652,81.7
4.12351393699646,81.7
4.158981084823608,81.7
4.191236972808838,81.7
4.224797010421753,81.7
4.2592151165008545,81.7
4.290964126586914,81.7
4.324209928512573,81.7
4.359377145767212,81.7
4.3906569480896,81.7
4.424792051315308,81.7
4.461158037185669,81.7
4.490783929824829,81.7
4.5228800773620605,81.7
4.559514045715332,81.7
4.592138051986694,81.7
4.62355899810791,81.7
4.6588311195373535,81.7
4.693217992782593,81.7
4.724246978759766,81.7
4.75886607170105,81.7
4.7909159660339355,81.7
4.82285213470459,81.7
4.86011815071106,81.7
4.891072034835815,81.7
4.923720121383667,81.7
4.958862066268921,81.7
4.991284132003784,81.7
5.02386212348938,81.7
5.090641975402832,81.9
5.122683048248291,81.5
5.15864109992981,81.5
5.190506935119629,81.5
5.222718954086304,81.5
5.254734992980957,81.5
5.290874004364014,81.5
5.322582960128784,81.5
5.354496955871582,81.5
5.391646146774292,81.5
5.423032999038696,81.5
5.456093072891235,81.5
5.49180793762207,81.5
5.522683143615723,81.5
5.554541110992432,81.5
5.59148907661438,81.5
5.623028993606567,81.5
5.654876947402954,81.5
5.691080093383789,81.5
5.724812984466553,81.5
5.756279945373535,81.5
5.790869951248169,81.5
5.8231470584869385,81.5
5.855157136917114,81.5
5.890773057937622,81.5
5.92283296585083,81.5
5.954767942428589,81.5
5.991668939590454,81.5
6.022716999053955,81.5
6.054460048675537,81.5
6.090487003326416,81.5
6.123244047164917,81.5
6.154973983764648,81.5
6.1907799243927,81.5
6.224014043807983,81.5
6.257635116577148,81.5
6.292220115661621,81.5
6.324020147323608,81.5
6.356744050979614,81.5
6.393805980682373,81.5
6.42481803894043,81.5
6.454570055007935,81.5
6.486818075180054,81.5
6.52495002746582,81.5
6.555386066436768,81.9
6.586457967758179,81.9
6.623903036117554,81.9
6.654629945755005,81.7
6.686563014984131,81.7
6.722815990447998,81.7
6.756087064743042,81.7
6.788159132003784,81.7
6.826973915100098,81.7
6.856212139129639,81.7
6.888170957565308,81.7
6.9241650104522705,81.7
6.957489967346191,81.7
6.988282918930054,81.7
7.024080038070679,81.7
7.056162118911743,81.7
7.089879035949707,81.7
7.124197959899902,81.7
7.156124114990234,81.7
7.188575983047485,81.7
7.225212097167969,81.7
7.256457090377808,81.7
7.288490056991577,81.7
7.325150966644287,81.7
7.357360124588013,81.7
7.3884501457214355,81.7
7.425221920013428,81.7
7.457904100418091,81.7
7.489283084869385,81.7
7.524425983428955,81.7
7.557667016983032,81.7
7.5881640911102295,81.7
7.624297142028809,81.7
7.6566691398620605,81.7
7.688416004180908,81.7
7.72455906867981,81.7
7.756261110305786,81.7
7.788250923156738,81.7
7.820346117019653,81.7
7.854290962219238,81.7
7.886650085449219,81.7
7.918735980987549,81.7
7.954385995864868,81.7
7.987112045288086,81.7
8.018542051315308,81.7
8.089174032211304,81.8
8.12049913406372,81.8
8.155070066452026,81.8
8.187562942504883,81.8
8.218549013137817,81.8
8.254768133163452,81.8
8.288190126419067,81.8
8.318540096282959,81.8
8.35460615158081,81.8
8.387494087219238,81.8
8.41883111000061,81.8
8.455023050308228,81.8
8.48664402961731,81.8
8.519359111785889,81.8
8.554857015609741,81.8
8.586774110794067,81.8
8.618539094924927,81.8
8.655288934707642,81.8
8.687132120132446,81.8
8.71880292892456,81.8
8.755959033966064,81.8
8.787401914596558,81.8
8.82008409500122,81.8
8.854706048965454,81.8
8.88808012008667,81.8
8.918967962265015,81.8
8.95625114440918,81.8
8.986583948135376,81.8
9.019374132156372,81.8
9.051929950714111,81.8
9.087598085403442,81.8
9.118660926818848,81.8
9.152729034423828,81.8
9.18713903427124,81.8
9.21903109550476,81.8
9.250546932220459,81.8
9.288003921508789,81.8
9.319863080978394,81.8
9.350561141967773,81.8
9.386600971221924,81.8
9.420239925384521,81.8
9.450762033462524,81.8
9.487112045288086,81.8
9.519366979598999,81.8
9.55155611038208,81.8
9.5868239402771,81.8
9.620321035385132,81.8
9.652271032333374,81.6
9.689643144607544,81.6
9.719039916992188,81.6
9.751235961914062,81.6
9.788666009902954,81.6
9.818798065185547,81.6
9.85059905052185,81.6
9.887395143508911,81.6
9.918642044067383,81.6
9.950637102127075,81.6
9.986511945724487,81.6
10.018594980239868,81.6
10.051553964614868,81.6
10.087733030319214,81.6
10.11889910697937,81.6
10.152698993682861,81.6
10.187039136886597,81.6
10.219624042510986,81.6
10.251343011856079,81.6
10.282402992248535,81.6
10.318369150161743,81.6
10.3522469997406,81.6
10.385694026947021,81.6
10.421525955200195,81.6
10.45215106010437,81.6
10.484161138534546,81.6
10.522125959396362,81.6
10.552314043045044,81.6
10.584136009216309,81.6
10.621110916137695,81.6
10.652456998825073,81.6
10.684008121490479,81.6
10.720109939575195,81.6
10.752382040023804,81.6
10.78491997718811,81.6
10.820029973983765,81.6
10.852169036865234,81.6
10.883366107940674,81.6
10.922824144363403,81.6
10.952528953552246,81.6
10.984117984771729,81.6
11.021026134490967,81.6
11.054747104644775,81.6
11.084337949752808,184.8
11.152352094650269,124.4
11.182820081710815,124.4
11.219125986099243,124.4
11.251002073287964,124.4
11.283066034317017,124.4
11.318511009216309,124.4
11.351372003555298,124.4
11.382905006408691,124.4
11.418395042419434,124.4
11.450384140014648,124.4
11.483041048049927,124.4
11.518829107284546,124.4
11.550873041152954,124.4
11.582735061645508,124.4
11.614748001098633,124.4
11.651051044464111,124.4
11.682456970214844,124.4
11.714370965957642,124.4
11.752135038375854,124.4
11.783106088638306,124.4
11.81500792503357,124.4
11.850631952285767,124.4
11.882714986801147,124.4
11.914644956588745,124.4
11.951513051986694,124.4
11.982717037200928,124.4
12.014784097671509,124.4
12.05147910118103,124.4
12.082687139511108,124.4
12.114747047424316,124.4
12.150908946990967,124.4
12.184044122695923,124.4
12.214725017547607,124.4
12.250739097595215,124.4
12.282902002334595,124.4
12.31489109992981,124.4
12.352433919906616,124.4
12.385115146636963,124.4
12.416551113128662,124.4
12.45061206817627,124.4
12.482895135879517,124.4
12.514697074890137,124.4
12.550555944442749,124.4
12.614614009857178,288.9
12.651596069335938,206.3
12.682697057723999,206.3
12.715558052062988,206.3
12.751621961593628,206.3
12.783528089523315,206.3
12.814561128616333,206.3
12.850492000579834,206.3
12.884099960327148,206.3
12.915099143981934,206.3
12.947978973388672,206.3
12.982686042785645,206.3
13.016570091247559,206.3
13.046591997146606,206.3
13.083266973495483,206.3
13.11511492729187,206.3
13.147500991821289,206.3
13.182771921157837,206.3
13.214653015136719,206.3
13.24783706665039,206.3
13.283453941345215,206.3
13.314589977264404,206.3
13.347098112106323,206.3
13.384114980697632,206.3
13.415662050247192,206.3
13.446831941604614,206.3
13.483498096466064,206.3
13.51587200164795,206.3
13.547747135162354,206.3
13.582890033721924,206.3
13.616279125213623,206.3
13.648340940475464,206.3
13.68467903137207,206.3
13.714724063873291,206.3
13.74661111831665,206.3
13.784560918807983,206.3
13.815021991729736,206.3
13.846971988677979,206.3
13.88304615020752,206.3
13.91468596458435,206.3
13.947204113006592,206.3
13.983094930648804,206.3
14.014719009399414,206.3
14.046625137329102,206.3
14.083368062973022,208.9
14.14704704284668,217.4
14.1791090965271,217.4
14.21499514579773,217.4
14.247024059295654,217.4
14.31489610671997,217.4
14.346898078918457,217.4
14.379034042358398,217.4
14.41458797454834,217.4
14.44752311706543,217.4
14.514529943466187,217.4
14.546556949615479,217.4
14.57921814918518,217.4
14.615754127502441,217.4
14.64709997177124,217.4
14.714632987976074,217.4
14.748224020004272,217.4
14.781598091125488,217.4
14.817255973815918,217.4
14.8471040725708,217.4
14.879327058792114,217.4
14.920062065124512,217.4
14.946882009506226,217.4
14.980008125305176,217.4
15.015280961990356,217.4
15.046612977981567,217.4
15.078526020050049,217.4
15.11517596244812,217.4
15.14842700958252,217.4
15.180016994476318,217.4
15.216284036636353,217.4
15.249032974243164,217.4
15.280673027038574,217.4
15.34862494468689,217.4
15.381595134735107,217.4
15.412280082702637,217.4
15.448171138763428,217.4
15.480417966842651,217.4
15.51301908493042,217.4
15.549507141113281,217.4
15.580316066741943,217.8
15.612834930419922,217.8
15.64820909500122,217.0
15.680388927459717,217.0
15.715424060821533,217.0
15.747436046600342,217.0
15.780832052230835,217.0
15.812693119049072,217.0
15.848973989486694,217.0
15.87847900390625,217.0
15.91079592704773,217.0
15.947257995605469,217.0
16.013576984405518,217.0
16.046658992767334,217.0
16.07878613471985,217.0
16.111567974090576,217.0
16.147741079330444,217.0
16.179532051086426,217.0
16.210602045059204,217.0
16.246633052825928,217.0
16.281096935272217,217.0
16.311187028884888,217.0
16.34659504890442,217.0
16.378749132156372,217.0
16.411746978759766,217.0
16.448424100875854,217.0
16.47872495651245,217.0
16.510645151138306,217.0
16.547577142715454,217.0
16.5797119140625,217.0
16.611101150512695,217.0
16.646898984909058,217.0
16.711205005645752,217.0
16.744369983673096,217.0
16.7791690826416,217.0
16.811223030090332,217.0
16.879125118255615,217.0
16.911081075668335,217.0
16.942862033843994,217.0
16.979823112487793,217.0
17.01100492477417,217.0
17.042530059814453,217.0
17.111172914505005,217.0
17.14419412612915,217.7
17.178652048110962,217.7
17.21197509765625,217.7
17.244343996047974,217.7
17.280940055847168,217.7
17.31109309196472,217.7
17.34332299232483,217.7
17.411057949066162,217.7
17.44273805618286,217.7
17.478872060775757,217.7
17.544044017791748,217.7
17.579936981201172,217.7
17.611304998397827,217.7
17.64263105392456,217.7
17.678924083709717,217.7
17.711920022964478,217.7
17.74289298057556,217.7
17.778566122055054,217.7
17.811161994934082,217.7
17.843085050582886,217.7
17.878541946411133,217.7
17.911005973815918,217.7
17.943385124206543,217.7
17.978945016860962,217.7
18.01108694076538,217.7
18.043071031570435,217.7
18.07488203048706,217.7
18.14307403564453,217.7
18.175517082214355,217.7
18.21069097518921,217.7
18.274667024612427,217.7
18.31047511100769,217.7
18.343825101852417,217.7
18.376667976379395,217.7
18.410993099212646,217.7
18.4425950050354,217.7
18.475507974624634,217.7
18.511255025863647,217.7
18.54416799545288,217.7
18.57565999031067,217.9
18.6135311126709,217.9
18.643167972564697,217.9
18.674994945526123,217.9
18.71052098274231,217.9
18.74369192123413,217.9
18.774877071380615,217.9
18.811105012893677,217.9
18.842966079711914,217.9
18.877567052841187,217.9
18.910555124282837,217.9
18.943648099899292,217.9
18.97564697265625,217.9
19.012223958969116,217.9
19.042747020721436,217.9
19.075704097747803,217.9
19.112776041030884,217.9
19.14283514022827,217.9
19.17517614364624,217.9
19.213891983032227,217.9
19.24312114715576,217.9
19.27521514892578,217.9
19.308013916015625,217.9
19.344156980514526,217.9
19.375330924987793,217.9
19.40699005126953,217.9
19.443063020706177,217.9
19.475067138671875,217.9
19.50768804550171,217.9
19.546080112457275,217.9
19.57692313194275,217.9
19.607309103012085,217.9
19.643927097320557,217.9
19.676944971084595,217.9
19.707762956619263,217.9
19.74260902404785,217.9
19.774660110473633,217.9
19.80791401863098,217.9
19.84254503250122,217.9
19.8746280670166,217.9
19.907036066055298,217.9
19.944265127182007,217.9
19.975342988967896,217.9
20.006760120391846,217.9
20.043573141098022,217.9
20.07541012763977,217.9
20.107173919677734,217.9
20.142526149749756,217.9
20.178447008132935,217.9
20.206992149353027,217.9
20.243102073669434,217.9
20.275371074676514,217.9
20.311033010482788,217.9
20.343948125839233,217.9
20.376698970794678,217.9
20.406686067581177,217.9
20.442506074905396,217.9
20.475932121276855,217.9
20.50791311264038,217.9
20.538589000701904,217.9
20.574634075164795,217.9
20.606998920440674,217.9
20.63873600959778,217.9
20.674505949020386,217.9
20.70817995071411,217.9
20.73872709274292,217.9
20.77475595474243,217.9
20.807640075683594,217.9
20.838467121124268,217.9
20.87439513206482,217.9
20.906721115112305,217.9
20.93924307823181,217.9
20.976423978805542,217.9
21.006519079208374,217.9
21.038604974746704,217.9
21.07603693008423,217.9
21.1074800491333,217.9
21.13906192779541,217.9
21.17758011817932,217.9
21.20660400390625,217.9
21.238789081573486,217.9
21.275103092193604,217.9
21.306931972503662,217.9
21.338900089263916,217.9
21.374876022338867,217.9
21.43880295753479,217.9
21.474570989608765,217.9
21.507198095321655,217.9
21.539336919784546,217.9
21.575706005096436,218.9
21.608411073684692,218.9
21.639469146728516,218.4
21.674898147583008,218.4
21.709474086761475,218.4
21.739129066467285,218.4
21.774856090545654,218.4
21.80660891532898,218.4
21.838731050491333,218.4
21.87079405784607,218.4
21.90741801261902,218.4
21.938683032989502,218.4
21.97093105316162,218.4
22.007039070129395,218.4
22.039087057113647,218.4
22.071826934814453,218.4
22.107941150665283,218.4
22.138901948928833,218.4
22.170997142791748,218.4
22.208205938339233,218.4
22.240643978118896,218.4
22.27082395553589,218.4
22.30816102027893,218.4
22.33973503112793,218.4
22.37113904953003,218.4
22.40685796737671,218.4
22.439141988754272,218.4
22.47198796272278,218.4
22.508702039718628,218.4
22.538742065429688,218.4
22.570650100708008,218.4
22.609612941741943,218.4
22.640761137008667,218.4
22.671016931533813,218.4
22.70756196975708,218.4
22.73888397216797,218.4
22.771299123764038,218.4
22.80724310874939,218.4
22.839723110198975,218.4
22.870913982391357,218.4
22.908020973205566,218.4
22.938889026641846,218.4
22.971920013427734,218.4
23.008706092834473,218.4
23.03892207145691,218.4
23.071813106536865,218.9
23.10405397415161,218.9
23.17258095741272,217.9
23.20443606376648,217.9
23.24322199821472,217.9
23.272592067718506,217.9
23.304681062698364,217.9
23.339271068572998,217.9
23.372436046600342,217.9
23.403154134750366,217.9
23.439367055892944,217.9
23.470704078674316,217.9
23.504215955734253,217.9
23.538742065429688,217.9
23.570945978164673,217.9
23.603361129760742,217.9
23.67129111289978,217.9
23.702880144119263,217.9
23.739264011383057,217.9
23.771049976348877,217.9
23.802900075912476,217.9
23.839009046554565,217.9
23.871761083602905,217.9
23.902766942977905,217.9
23.93881106376648,217.9
23.9719660282135,217.9
24.004383087158203,217.9
24.04017996788025,217.9
24.072999954223633,217.9
24.10427713394165,217.9
24.14032292366028,217.9
24.17062211036682,217.9
24.202932119369507,217.9
24.238649129867554,217.9
24.270432949066162,217.9
24.302706956863403,217.9
24.37036895751953,217.9
24.402354955673218,217.9
24.4343740940094,217.9
24.47089910507202,217.9
24.534881114959717,217.9
24.570706129074097,218.8
24.60281801223755,218.8
24.634408950805664,218.2
24.67039203643799,218.2
24.70282292366028,218.2
24.734859943389893,218.2
24.77050805091858,218.2
24.802410125732422,218.2
24.83459210395813,218.2
24.870600938796997,218.2
24.902321100234985,218.2
24.934728145599365,218.2
24.97045612335205,218.2
25.003672122955322,218.2
25.03442406654358,218.2
25.07042098045349,218.2
25.103764057159424,218.2
25.13622498512268,218.2
25.170416116714478,218.2
25.202356100082397,218.2
25.235095977783203,218.2
25.270493030548096,218.2
25.302634954452515,218.2
25.33449912071228,218.2
25.3713059425354,218.2
25.403625965118408,218.2
25.43469500541687,218.2
25.47141695022583,218.2
25.502820014953613,218.2
25.536060094833374,218.2
25.571605920791626,218.2
25.607351064682007,218.2
25.63605809211731,218.2
25.667946100234985,218.2
25.70552110671997,218.2
25.736947059631348,218.2
25.768106937408447,218.2
25.804425954818726,218.2
25.836843013763428,218.2
25.867164134979248,218.2
25.90478491783142,218.2
25.936710119247437,218.2
25.968903064727783,218.2
26.004635095596313,218.2
26.038785934448242,218.2
26.068000078201294,218.8
26.104537963867188,218.8
26.137666940689087,218.8
26.170567989349365,218.8
26.20548701286316,218.8
26.236751079559326,218.8
26.268635034561157,218.8
26.307250022888184,218.8
26.33705711364746,218.8
26.36820697784424,218.8
26.404572010040283,218.8
26.43812394142151,218.8
26.46662998199463,218.8
26.50299310684204,218.8
26.536052942276,218.8
26.567755937576294,218.8
26.602558135986328,218.8
26.637195110321045,218.8
26.667048931121826,218.8
26.703444957733154,218.8
26.734713077545166,218.8
26.76827311515808,218.8
26.80295991897583,218.8
26.83483910560608,218.8
26.86667013168335,218.8
26.904556035995483,218.8
26.936651945114136,218.8
26.968460083007812,218.8
27.001702070236206,218.8
27.036704063415527,218.8
27.06854510307312,218.8
27.101391077041626,218.8
27.136789083480835,218.8
27.168426036834717,218.8
27.200500965118408,218.8
27.236889123916626,218.8
27.268402099609375,218.8
27.30035901069641,218.8
27.3369460105896,218.8
27.370805025100708,218.8
27.400496006011963,218.8
27.43654203414917,218.8
27.46870708465576,218.8
27.502579927444458,218.8
27.537900924682617,218.8
27.568445920944214,218.8
27.601146936416626,218.8
27.638463973999023,219.9
27.668569087982178,219.9
27.700873136520386,219.9
27.737016916275024,219.9
27.769223928451538,219.9
27.80004906654358,219.9
27.835623025894165,219.9
27.869303941726685,219.9
27.90137004852295,219.9
27.936389923095703,219.9
27.968869924545288,219.9
28.00113606452942,219.9
28.037511110305786,219.9
28.06820297241211,219.9
28.100889921188354,219.9
28.137936115264893,219.9
28.171926975250244,219.9
28.200112104415894,219.9
28.23220205307007,219.9
28.268408060073853,219.9
28.302973985671997,219.9
28.332277059555054,219.9
28.368181943893433,219.9
28.400810956954956,219.9
28.433187007904053,219.9
28.468218088150024,219.9
28.50011396408081,219.9
28.533926963806152,219.9
28.568233013153076,219.9
28.600080013275146,219.9
28.632424116134644,219.9
28.668957948684692,219.9
28.70165514945984,219.9
28.7324640750885,219.9
28.768383026123047,219.9
28.800172090530396,219.9
28.83341693878174,219.9
28.868389129638672,219.9
28.900416135787964,219.9
28.93233299255371,219.9
28.969375133514404,219.9
29.00104808807373,219.9
29.03243613243103,219.9
29.1332950592041,220.8
29.169251918792725,220.0
29.198776960372925,220.0
29.23066997528076,220.0
29.26675510406494,220.0
29.2989981174469,220.0
29.33248496055603,220.0
29.368772983551025,220.0
29.400267124176025,220.0
29.432131052017212,220.0
29.468245029449463,220.0
29.501678943634033,220.0
29.53345513343811,220.0
29.564255952835083,220.0
29.600101947784424,220.0
29.633322954177856,220.0
29.66430902481079,220.0
29.700345993041992,220.0
29.73235511779785,220.0
29.764436960220337,220.0
29.8009250164032,220.0
29.832698106765747,220.0
29.86474895477295,220.0
29.901389122009277,220.0
29.932533025741577,220.0
29.96449112892151,220.0
30.001387119293213,220.0
30.03293800354004,220.0
30.064918041229248,220.0
30.101613998413086,220.0
30.132410049438477,220.0
30.164448022842407,220.0
30.20172095298767,220.0
30.232648134231567,220.0
30.26450204849243,220.0
30.300758123397827,220.0
30.334326028823853,220.0
30.364148139953613,220.0
30.398694038391113,220.0
30.43059492111206,220.0
30.462867975234985,220.0
30.498832941055298,220.0
30.530565977096558,220.0
30.63073992729187,219.9
30.663355112075806,219.9
30.698912143707275,219.9
30.731820106506348,219.9
30.76269793510437,219.9
30.794683933258057,219.9
30.83075499534607,219.9
30.863656997680664,219.9
30.894674062728882,219.9
30.931041955947876,219.9
30.962690114974976,219.9
30.994692087173462,219.9
31.03133201599121,219.9
31.06311011314392,219.9
31.09505605697632,219.9
31.131099939346313,219.9
31.163732051849365,219.9
31.19480299949646,219.9
31.230618953704834,219.9
31.262694120407104,219.9
31.29555106163025,219.9
31.332144021987915,219.9
31.362602949142456,219.9
31.394794940948486,219.9
31.430885076522827,219.9
31.46272897720337,219.9
31.494669914245605,219.9
31.530534029006958,219.9
31.564477920532227,219.9
31.594707012176514,219.9
31.63073992729187,219.9
31.665311098098755,219.9
31.696516036987305,219.9
31.732533931732178,219.9
31.765629053115845,219.9
31.796217918395996,219.9
31.832313060760498,219.9
31.8651020526886,219.9
31.897429943084717,219.9
31.932780027389526,219.9
31.96432614326477,219.9
31.99687910079956,219.9
32.03311610221863,219.9
32.06463408470154,219.9
32.096611976623535,219.9
32.128329038619995,219.9
32.16432213783264,219.9
32.19720196723938,219.9
32.22962999343872,219.9
32.26433706283569,219.9
32.29629993438721,219.9
32.32951807975769,219.9
32.36435794830322,219.9
32.39744210243225,219.9
32.428903102874756,219.9
32.46581196784973,219.9
32.49636101722717,219.9
32.52961707115173,219.9
32.56579804420471,219.9
32.59666109085083,219.9
32.628292083740234,219.9
32.665199995040894,219.9
32.696505069732666,219.9
32.72929906845093,219.9
32.76432394981384,219.9
32.79755401611328,219.9
32.82929706573486,219.9
32.86531209945679,219.9
32.896470069885254,219.9
32.92839002609253,219.9
32.965304136276245,219.9
32.996817111968994,219.9
33.028295040130615,219.9
33.065500020980835,219.9
33.09689807891846,219.9
33.12915802001953,219.9
33.16329002380371,219.9
33.195552110672,219.9
33.22718095779419,219.9
33.26253414154053,219.9
33.29483103752136,219.9
33.32695412635803,219.9
33.36282300949097,219.9
33.39501404762268,219.9
33.427675008773804,219.9
33.46123909950256,219.9
33.49691605567932,219.9
33.5285279750824,219.9
33.660085916519165,220.5
33.698370933532715,220.5
33.72837996482849,220.5
33.76052212715149,220.5
33.79777002334595,220.5
33.82852506637573,220.5
33.8603310585022,220.5
33.89704895019531,220.5
33.92909812927246,220.5
33.960427045822144,220.5
33.99640607833862,220.5
34.028295040130615,220.5
34.060791015625,220.5
34.09645104408264,220.5
34.128262996673584,220.5
34.16029906272888,220.5
34.19968104362488,220.5
34.22852611541748,220.5
34.26011395454407,220.5
34.296919107437134,220.5
34.32912302017212,220.5
34.360629081726074,220.5
34.39738392829895,220.5
34.42963409423828,220.5
34.45869207382202,220.5
34.49468111991882,220.5
34.527148962020874,220.5
34.55873703956604,220.5
34.59553909301758,220.5
34.62668013572693,220.5
34.65859293937683,220.5
34.69059705734253,220.5
34.727702140808105,220.5
34.758734941482544,220.5
34.79072594642639,220.5
34.82657194137573,220.5
34.85887908935547,220.5
34.89064407348633,220.5
34.92663097381592,220.5
34.95912504196167,220.5
34.9909291267395,220.5
35.02688407897949,220.5
35.05929493904114,220.9
35.091763973236084,220.9
35.12686896324158,220.9
35.15885901451111,220.4
35.19197702407837,220.4
35.22879099845886,220.4
35.2591769695282,220.4
35.29126811027527,220.4
35.32739496231079,220.4
35.36003494262695,220.4
35.391189098358154,220.4
35.427335023880005,220.4
35.46035194396973,220.4
35.49108695983887,220.4
35.52708697319031,220.4
35.55940914154053,220.4
35.5911591053009,220.4
35.6269690990448,220.4
35.65900707244873,220.4
35.690611124038696,220.4
35.7267370223999,220.4
35.758857011795044,220.4
35.790884017944336,220.4
35.82697105407715,220.4
35.859161138534546,220.4
35.89102005958557,220.4
35.9232280254364,220.4
35.95916295051575,220.4
35.99256110191345,220.4
36.024543046951294,220.4
36.06036996841431,220.4
36.0930061340332,220.4
36.12573504447937,220.4
36.16159009933472,220.4
36.192359924316406,220.4
36.22626614570618,220.4
36.25916600227356,220.4
36.2951819896698,220.4
36.324800968170166,220.4
36.360235929489136,220.4
36.39277410507202,220.4
36.42546510696411,220.4
36.46042609214783,220.4
36.49248695373535,220.4
36.52556300163269,220.4
36.561036109924316,220.4
36.59249496459961,220.4
36.62473201751709,220.4
36.66140413284302,220.4
36.69524693489075,220.4
36.72474408149719,220.4
36.76169204711914,220.4
36.79407596588135,220.4
36.82463598251343,220.4
36.86078906059265,220.4
36.892951011657715,220.4
36.9257709980011,220.4
36.96070909500122,220.4
36.99260902404785,220.4
37.02467203140259,220.4
37.059025049209595,220.4
37.091031074523926,220.4
37.123477935791016,220.4
37.15908694267273,220.4
37.19086313247681,220.4
37.223103046417236,220.4
37.255703926086426,220.4
37.29095005989075,220.4
37.32283902168274,220.4
37.35515093803406,220.4
37.391056060791016,220.4
37.422966957092285,220.4
37.4555549621582,220.4
37.491042137145996,220.4
37.52335000038147,220.4
37.55555510520935,220.4
37.59109902381897,220.4
37.62302207946777,220.4
37.65507793426514,220.4
37.69243597984314,220.4
37.724579095840454,220.4
37.75654697418213,220.4
37.79297614097595,220.4
37.8248291015625,220.4
37.85678195953369,220.4
37.892768144607544,220.4
37.924761056900024,220.4
37.95654106140137,220.4
37.99246096611023,220.4
38.02489113807678,220.4
38.05646204948425,220.9
38.09269714355469,220.9
38.12301993370056,220.9
38.156193017959595,220.5
38.19132113456726,220.5
38.22303915023804,220.5
38.25650906562805,220.5
38.29423713684082,220.5
38.3230459690094,220.5
38.35486102104187,220.5
38.39685106277466,220.5
38.4231390953064,220.5
38.4550039768219,220.5
38.48691201210022,220.5
38.522839069366455,220.5
38.55478000640869,220.5
38.5867760181427,220.5
38.6244170665741,220.5
38.65627598762512,220.5
38.68827295303345,220.5
38.72567105293274,220.5
38.755337953567505,220.5
38.78712296485901,220.5
38.82269906997681,220.5
38.8547260761261,220.5
38.88717007637024,220.5
38.92307114601135,220.5
38.954607009887695,220.5
38.98673701286316,220.5
39.02307605743408,220.5
39.05545210838318,220.5
39.08698606491089,220.5
39.12306499481201,220.5
39.15528106689453,220.5
39.18808102607727,220.5
39.22313714027405,220.5
39.255314111709595,220.5
39.28719210624695,220.5
39.32388997077942,220.5
39.356356143951416,220.5
39.38745903968811,220.5
39.4231231212616,220.5
39.455305099487305,220.5
39.4867479801178,220.5
39.52369713783264,220.5
39.55498194694519,220.9
39.586678981781006,220.9
39.622934103012085,220.9
39.655691146850586,220.3
39.68710708618164,220.3
39.72300601005554,220.3
39.755675077438354,220.3
39.7873170375824,220.3
39.8191020488739,220.3
39.854944944381714,220.3
39.88667702674866,220.3
39.91903495788574,220.3
39.95624899864197,220.3
39.988847970962524,220.3
40.02082395553589,220.3
40.05688714981079,220.3
40.08910799026489,220.3
40.121155977249146,220.3
40.15697908401489,220.3
40.1885769367218,220.3
40.22071313858032,220.3
40.256503105163574,220.3
40.28849196434021,220.3
40.32043194770813,220.3
40.357649087905884,220.3
40.38833498954773,220.3
40.420846939086914,220.3
40.458051919937134,220.3
40.48910307884216,220.3
40.52087211608887,220.3
40.55682301521301,220.3
40.59005808830261,220.3
40.62179493904114,220.3
40.65688514709473,220.3
40.688523054122925,220.3
40.72124195098877,220.3
40.75641703605652,220.3
40.78855299949646,220.3
40.82036805152893,220.3
40.85669302940369,220.3
40.88917899131775,220.3
40.92084193229675,220.3
40.95772099494934,220.3
40.98852300643921,220.3
41.02085304260254,220.3
41.05334806442261,220.9
41.088541984558105,220.9
41.11900210380554,220.9
41.15167498588562,220.5
41.18802309036255,220.5
41.21896505355835,220.5
41.25103807449341,220.5
41.28813815116882,220.5
41.32137107849121,220.5
41.35239601135254,220.5
41.38891005516052,220.5
41.42233395576477,220.5
41.45347595214844,220.5
41.4885311126709,220.5
41.52109694480896,220.5
41.552730083465576,220.5
41.589694023132324,220.5
41.620511054992676,220.5
41.653379917144775,220.5
41.69055104255676,220.5
41.72047710418701,220.5
41.75243902206421,220.5
41.789057970047,220.5
41.820903062820435,220.5
41.85246396064758,220.5
41.88852906227112,220.5
41.92123198509216,220.5
41.95243501663208,220.5
41.98858308792114,220.5
42.020622968673706,220.5
42.053290128707886,220.5
42.08700895309448,220.5
42.119492053985596,220.5
42.151983976364136,220.5
42.188332080841064,220.5
42.219269037246704,220.5
42.25165796279907,220.5
42.28740310668945,220.5
42.31926393508911,220.5
42.35131502151489,220.5
42.38353395462036,220.5
42.41970491409302,220.5
42.45142102241516,220.5
42.48444104194641,220.5
42.51948094367981,220.5
42.55074405670166,220.5
42.621178150177,218.9
42.651206970214844,219.4
42.683834075927734,219.4
42.72021508216858,219.4
42.75176501274109,219.4
42.78286409378052,219.4
42.81995701789856,219.4
42.8510160446167,219.4
42.88270092010498,219.4
42.92141604423523,219.4
42.95526909828186,219.4
42.98317193984985,219.4
43.019822120666504,219.4
43.05126595497131,219.4
43.083516120910645,219.4
43.119166135787964,219.4
43.151268005371094,219.4
43.18324398994446,219.4
43.2194299697876,219.4
43.25202012062073,219.4
43.284279108047485,219.4
43.31911897659302,219.4
43.351694107055664,219.4
43.38317513465881,219.4
43.420191049575806,219.4
43.45131301879883,219.4
43.484179973602295,219.4
43.51895093917847,219.4
43.55060410499573,219.4
43.58285212516785,219.4
43.61534905433655,219.4
43.651139974594116,219.4
43.682904958724976,219.4
43.71580791473389,219.4
43.75071597099304,219.4
43.78247904777527,219.4
43.81554102897644,219.4
43.85143995285034,219.4
43.882564067840576,219.4
43.914560079574585,219.4
43.951030015945435,219.4
43.98614501953125,219.4
44.01630902290344,219.4
44.053497076034546,219.4
44.0853009223938,219.9
44.116260051727295,219.9
44.15229511260986,219.3
44.185291051864624,219.3
44.21717810630798,219.3
44.252655029296875,219.3
44.28449892997742,219.3
44.31748914718628,219.3
44.352384090423584,219.3
44.3849561214447,219.3
44.41646695137024,219.3
44.45242500305176,219.3
44.48434400558472,219.3
44.5176420211792,219.3
44.55230212211609,219.3
44.584320068359375,219.3
44.61631107330322,219.3
44.65294599533081,219.3
44.684186935424805,219.3
44.71470403671265,219.3
44.75126314163208,219.3
44.78300595283508,219.3
44.81463003158569,219.3
44.85058403015137,219.3
44.88451409339905,219.3
44.91623401641846,219.3
44.94676899909973,219.3
44.98283791542053,219.3
45.016809940338135,219.3
45.046677112579346,219.3
45.08285307884216,219.3
45.116923093795776,219.3
45.14706492424011,219.3
45.1829719543457,219.3
45.21557402610779,219.3
45.248080015182495,219.3
45.28338694572449,219.3
45.31534814834595,219.3
45.34729194641113,219.3
45.38266706466675,219.3
45.41477704048157,219.3
45.44795298576355,219.3
45.485203981399536,219.3
45.51536798477173,219.3
45.54718804359436,219.3
45.58307194709778,219.9
45.615355014801025,219.9
45.64712715148926,219.5
45.68289303779602,219.5
45.714928150177,219.5
45.74736404418945,219.5
45.78312301635742,219.5
45.81596302986145,219.5
45.847517013549805,219.5
45.885623931884766,219.5
45.917866945266724,219.5
45.949058055877686,219.5
45.9830060005188,219.5
46.01599097251892,219.5
46.04856896400452,219.5
46.08354902267456,219.5
46.11541199684143,219.5
46.14778399467468,219.5
46.18011808395386,219.5
46.21467113494873,219.5
46.24811792373657,219.5
46.27894592285156,219.5
46.31567311286926,219.5
46.34691500663757,219.5
46.3796501159668,219.5
46.4159460067749,219.5
46.458240032196045,219.5
46.4786491394043,219.5
46.515411138534546,219.5
46.548177003860474,219.5
46.58052706718445,219.5
46.61727595329285,219.5
46.649402141571045,219.5
46.67914700508118,219.5
46.71496891975403,219.5
46.746604919433594,219.5
46.780781984329224,219.5
46.815016984939575,219.5
46.85205292701721,219.5
46.88096499443054,219.5
46.916687965393066,219.5
46.94846510887146,219.5
46.98106503486633,219.5
47.017388105392456,219.5
47.048460960388184,219.5
47.080580949783325,219.6
47.11652493476868,219.6
47.148208141326904,219.6
47.180458068847656,219.6
47.218804121017456,219.6
47.249242067337036,219.6
47.27876806259155,219.6
47.315288066864014,219.6
47.3464879989624,219.6
47.38128900527954,219.6
47.417004108428955,219.6
47.449239015579224,219.6
47.48020100593567,219.6
47.51218509674072,219.6
47.54863905906677,219.6
47.58031511306763,219.6
47.612229108810425,219.6
47.64952111244202,219.6
47.68046712875366,219.6
47.71356797218323,219.6
47.748211145401,219.6
47.78112602233887,219.6
47.812477111816406,219.6
47.84810495376587,219.6
47.881245136260986,219.6
47.912822008132935,219.6
47.949119091033936,219.6
47.9815239906311,219.6
48.01235914230347,219.6
48.04856300354004,219.6
48.08112406730652,219.6
48.1121871471405,219.6
48.148216009140015,219.6
48.18079614639282,219.6
48.21300911903381,219.6
48.24964499473572,219.6
48.278635025024414,219.6
48.310588121414185,219.6
48.34653306007385,219.6
48.3796911239624,219.6
48.41050314903259,219.6
48.44679307937622,219.6
48.47907900810242,219.6
48.51207113265991,219.6
48.54714608192444,219.6
48.57874894142151,219.6
48.61097693443298,219.6
48.64731502532959,219.6
48.68079209327698,219.6
48.71256494522095,219.6
48.7450749874115,219.6
48.78157711029053,219.6
48.81251502037048,219.6
48.844780921936035,219.6
48.88110303878784,219.6
48.91289496421814,219.6
48.945125102996826,219.6
48.98185610771179,219.6
49.013123989105225,219.6
49.04474592208862,219.6
49.080870151519775,219.6
49.113260984420776,219.6
49.14560294151306,219.6
49.18085813522339,219.6
49.21281409263611,219.6
49.24667811393738,219.6
49.28171992301941,219.6
49.31257891654968,219.6
49.345322132110596,219.6
49.38098692893982,219.6
49.412473917007446,219.6
49.44475293159485,219.6
49.48084092140198,219.6
49.51124310493469,219.6
49.543368101119995,219.6
49.57884407043457,219.6
49.61179494857788,219.6
49.64373993873596,219.6
49.679893016815186,219.6
49.71243596076965,219.6
49.74349594116211,219.6
49.77927494049072,219.6
49.81256103515625,219.6
49.843064069747925,219.6
49.87902212142944,219.6
49.91163897514343,219.6
49.94383406639099,219.6
49.97875714302063,219.6
50.01159691810608,219.6
50.04372811317444,219.6
50.07700800895691,219.8
50.111868143081665,219.8
50.14259600639343,219.3
50.17508506774902,219.3
50.21158194541931,219.3
50.24338507652283,219.3
50.276538133621216,219.3
50.31225514411926,219.3
50.34331798553467,219.3
50.3746919631958,219.3
50.41056299209595,219.3
50.44364094734192,219.3
50.47588491439819,219.3
50.51093006134033,219.3
50.54304599761963,219.3
50.575186014175415,219.3
50.61114692687988,219.3
50.64554500579834,219.3
50.67573809623718,219.3
50.71106314659119,219.3
50.743464946746826,219.3
50.77532505989075,219.3
50.810949087142944,219.3
50.84505605697632,219.3
50.8768949508667,219.3
50.912951946258545,219.3
50.94456696510315,219.3
50.97449493408203,219.3
51.01119613647461,219.3
51.043673038482666,219.3
51.07486701011658,219.3
51.1106059551239,219.3
51.142635107040405,219.3
51.17493796348572,219.3
51.211095094680786,219.3
51.242919921875,219.3
51.27454113960266,219.3
51.306764125823975,219.3
51.343101978302,219.3
51.377028942108154,219.3
51.40836215019226,219.3
51.444358110427856,219.3
51.47725796699524,219.3
51.5097291469574,219.3
51.54428195953369,219.3
51.645551919937134,219.2
51.67620491981506,219.2
51.70822501182556,219.2
51.74572801589966,219.2
51.77793502807617,219.2
51.80832815170288,219.2
51.84440207481384,219.2
51.87766194343567,219.2
51.908591985702515,219.2
51.94463801383972,219.2
51.976288080215454,219.2
52.00830101966858,219.2
52.04555892944336,219.2
52.076355934143066,219.2
52.10943913459778,219.2
52.14434504508972,219.2
52.17677593231201,219.2
52.20847296714783,219.2
52.24535298347473,219.2
52.274752140045166,219.2
52.306838035583496,219.2
52.34294605255127,219.2
52.374956130981445,219.2
52.40707612037659,219.2
52.44274091720581,219.2
52.47488713264465,219.2
52.50668406486511,219.2
52.54318714141846,219.2
52.57613205909729,219.2
52.60688400268555,219.2
52.63916611671448,219.2
52.676677942276,219.2
52.708308935165405,219.2
52.74044704437256,219.2
52.77662706375122,219.2
52.808634996414185,219.2
52.84061312675476,219.2
52.87646698951721,219.2
52.907232999801636,219.2
52.94124913215637,219.2
52.97607493400574,219.2
53.00710201263428,219.2
53.0391149520874,219.2
53.13894701004028,219.3
53.174936056137085,219.3
53.208415031433105,219.3
53.24755311012268,219.3
53.27510094642639,219.3
53.307260036468506,219.3
53.339641094207764,219.3
53.37752604484558,219.3
53.40704798698425,219.3
53.438666105270386,219.3
53.475160121917725,219.3
53.50690197944641,219.3
53.539016008377075,219.3
53.57533812522888,219.3
53.607218980789185,219.3
53.6390860080719,219.3
53.674761056900024,219.3
53.70779299736023,219.3
53.739031076431274,219.3
53.774791955947876,219.3
53.80715203285217,219.3
53.838748931884766,219.3
53.87086510658264,219.3
53.90717601776123,219.3
53.93932509422302,219.3
53.97678995132446,219.3
54.006422996520996,219.3
54.038772106170654,219.3
54.07097601890564,219.3
54.10836696624756,219.3
54.140799045562744,219.3
54.17334794998169,219.3
54.20712494850159,219.3
54.23913598060608,219.3
54.271353006362915,219.3
54.30852508544922,219.3
54.338693141937256,219.3
54.371334075927734,219.3
54.40764904022217,219.3
54.44010901451111,219.3
54.4712450504303,219.3
54.50748801231384,219.3
54.53884291648865,219.3
54.70795798301697,172.4
54.97250509262085,172.4
55.541603088378906,172.4
55.93946313858032,172.4
56.00458097457886,172.4
56.5046169757843,172.7
56.57265496253967,172.7
56.77303194999695,132.7
59.46707606315613,172.7
60.16675114631653,172.7
60.234825134277344,172.7
60.46820402145386,172.7
60.56845307350159,188.7
60.601465940475464,188.7
60.63419198989868,168.7
60.67021894454956,160.7
60.70077896118164,160.7
60.73293209075928,160.7
60.76959705352783,160.7
60.800732135772705,160.7
60.832844972610474,160.7
60.86880707740784,160.7
60.90062212944031,160.7
60.93246102333069,160.7
60.96907591819763,160.7
61.00040912628174,160.7
61.032655000686646,160.7
61.068371057510376,160.7
61.10047912597656,160.7
61.132736921310425,160.7
61.16850805282593,160.7
61.20065212249756,160.7
61.23297095298767,160.7
61.268803119659424,160.7
61.299015045166016,160.7
61.33130407333374,160.7
61.36732792854309,160.7
61.39927291870117,160.7
61.430822134017944,160.7
61.469813108444214,160.7
61.49914813041687,160.7
61.53069806098938,160.7
61.56375813484192,160.7
61.60002613067627,160.7
61.63236904144287,160.7
61.66290497779846,160.7
61.69904899597168,160.7
61.732908964157104,160.7
61.762985944747925,160.7
61.79881811141968,160.7
61.831377029418945,160.7
61.8635151386261,160.7
61.899203062057495,160.7
61.93078398704529,160.7
61.96376299858093,160.7
61.99913001060486,160.7
62.03097891807556,160.7
62.06407809257507,188.8
62.099369049072266,188.8
62.13122296333313,133.6
62.16295409202576,133.6
62.19892597198486,133.6
62.23213315010071,133.6
62.26278495788574,133.6
62.299039125442505,133.6
62.33089303970337,133.6
62.36309504508972,133.6
62.399044036865234,133.6
62.43121910095215,133.6
62.46311902999878,133.6
62.49893307685852,133.6
62.53121495246887,133.6
62.562999963760376,133.6
62.59877896308899,133.6
62.63206100463867,133.6
62.662851095199585,133.6
62.69873905181885,133.6
62.73280096054077,133.6
62.762754917144775,133.6
62.79893612861633,133.6
62.83156394958496,133.6
62.86308193206787,133.6
62.89487314224243,133.6
62.93081092834473,133.6
62.96380805969238,133.6
62.99492812156677,133.6
63.03105092048645,133.6
63.06313514709473,133.6
63.09474992752075,133.6
63.131041049957275,133.6
63.162837982177734,133.6
63.19726204872131,133.6
63.23096299171448,133.6
63.26326894760132,133.6
63.296411991119385,133.6
63.33312511444092,133.6
63.363434076309204,133.6
63.395134925842285,133.6
63.43108797073364,133.6
63.46302914619446,133.6
63.495240926742554,133.6
63.53245806694031,133.6
63.56316113471985,138.8
63.595529079437256,138.8
63.63136005401611,138.8
63.662806034088135,136.9
63.6950421333313,136.9
63.731257915496826,136.9
63.762810945510864,136.9
63.795122146606445,136.9
63.831629037857056,136.9
63.863187074661255,136.9
63.8952419757843,136.9
63.93100094795227,136.9
63.96410799026489,136.9
63.99532413482666,136.9
64.03076314926147,136.9
64.06282591819763,136.9
64.09510803222656,136.9
64.12729001045227,136.9
64.16307592391968,136.9
64.19497513771057,136.9
64.23005294799805,136.9
64.26339101791382,136.9
64.29516911506653,136.9
64.32679104804993,136.9
64.36325407028198,136.9
64.3949990272522,136.9
64.42732310295105,136.9
64.4637839794159,136.9
64.4955530166626,136.9
64.52728796005249,136.9
64.56340312957764,136.9
64.59596610069275,136.9
64.62771797180176,136.9
64.66391897201538,136.9
64.6956250667572,136.9
64.72762298583984,136.9
64.76383113861084,136.9
64.79535508155823,136.9
64.82999801635742,136.9
64.86338305473328,136.9
64.89531898498535,136.9
64.92850112915039,136.9
64.96355104446411,136.9
64.99521803855896,136.9
65.02841711044312,136.9
65.06281399726868,188.9
65.09488701820374,188.9
65.1278600692749,108.3
65.1640260219574,108.3
65.19485306739807,108.3
65.22684097290039,108.3
65.26502895355225,108.3
65.2971351146698,108.3
65.32813310623169,108.3
65.36045098304749,108.3
65.39767813682556,108.3
65.42828106880188,108.3
65.46031308174133,108.3
65.49751901626587,108.3
65.52872395515442,108.3
65.56166315078735,108.3
65.5956699848175,108.3
65.6268310546875,108.3
65.6593029499054,108.3
65.69581508636475,108.3
65.72678399085999,108.3
65.7589099407196,108.3
65.79546403884888,108.3
65.8274040222168,108.3
65.85892510414124,108.3
65.89500212669373,108.3
65.92709708213806,108.3
65.95890498161316,108.3
65.994882106781,108.3
66.02702593803406,108.3
66.0590751171112,108.3
66.09509992599487,108.3
66.1274631023407,108.3
66.15966296195984,108.3
66.19487309455872,108.3
66.2266571521759,108.3
66.25920605659485,108.3
66.29472804069519,108.3
66.32655096054077,108.3
66.35926508903503,108.3
66.3955979347229,108.3
66.42689394950867,108.3
66.45881414413452,108.3
66.49543714523315,108.3
66.5267391204834,108.3
66.55890011787415,188.9
66.59526205062866,188.9
66.62709903717041,83.4
66.65916299819946,83.4
66.69111704826355,83.4
66.7269389629364,83.4
66.75875401496887,83.4
66.79090714454651,83.4
66.82736706733704,83.4
66.85931611061096,83.4
66.89082193374634,83.4
66.92672109603882,83.4
66.95915603637695,83.4
66.99118399620056,83.4
67.02671694755554,83.4
67.05899405479431,83.4
67.09119892120361,83.4
67.12730312347412,83.4
67.15905714035034,83.4
67.19235801696777,83.4
67.22846007347107,83.4
67.26087307929993,83.4
67.29461598396301,83.4
67.32977199554443,83.4
67.36112213134766,83.4
67.39248204231262,83.4
67.42863011360168,83.4
67.46075701713562,83.4
67.49256992340088,83.4
67.52830100059509,83.4
67.56157898902893,83.4
67.59267401695251,83.4
67.62849998474121,83.4
67.660728931427,83.4
67.69349098205566,83.4
67.72908806800842,83.4
67.76106309890747,83.4
67.7931580543518,83.4
67.83071208000183,83.4
67.86091709136963,83.4
67.89291501045227,83.4
67.92456293106079,83.4
67.9617850780487,83.4
67.99305701255798,83.4
68.02487707138062,83.4
68.06163907051086,83.4
68.09314012527466,83.4
68.12507104873657,83.11
68.15915393829346,83.1
68.19136500358582,83.1
68.22305202484131,83.1
68.25963091850281,83.1
68.29163694381714,83.1
68.32429695129395,83.1
68.35930609703064,83.1
68.39104700088501,83.1
68.42313313484192,83.1
68.4589331150055,83.1
68.49154901504517,83.1
68.52328395843506,83.1
68.56004595756531,83.1
68.59106707572937,83.1
68.62314796447754,83.1
68.65892195701599,83.1
68.69148206710815,83.1
68.72316408157349,83.1
68.75933599472046,83.1
68.79141592979431,83.1
68.8243260383606,83.1
68.85972499847412,83.1
68.89128112792969,83.1
68.92292404174805,83.1
68.96012997627258,83.1
68.99089813232422,83.1
69.02338600158691,83.1
69.05953311920166,83.1
69.09167909622192,83.1
69.12308311462402,83.1
69.15904712677002,83.1
69.19097805023193,83.1
69.22373008728027,83.1
69.25475096702576,83.1
69.29115796089172,83.1
69.32407999038696,83.1
69.3555691242218,83.1
69.39136815071106,83.1
69.42525792121887,83.1
69.45677614212036,83.1
69.49232006072998,83.1
69.52265095710754,83.1
69.5559470653534,83.1
69.59155106544495,83.1
69.62267899513245,83.1
69.65454912185669,83.1
69.69136095046997,83.1
69.72424006462097,83.1
69.75528407096863,83.1
69.79167914390564,83.1
69.82295799255371,83.1
69.85511493682861,83.1
69.89188599586487,83.1
69.9237220287323,83.1
69.95457005500793,83.1
69.99050903320312,83.1
70.02363705635071,83.1
70.05512309074402,83.1
70.09086108207703,83.1
70.12259793281555,83.1
70.15549302101135,83.1
70.19162893295288,83.1
70.22258591651917,83.1
70.25456094741821,83.1
70.29821395874023,83.1
70.32291102409363,83.1
70.35469007492065,83.1
70.39059710502625,83.1
70.42265892028809,83.1
70.45497703552246,83.1
